epoch,phase,lr_end,train_loss,train_acc,val_loss,val_acc,val_macro_f1,seconds
1,head,0.001,0.6805514216564698,0.8896811249752427,0.5030974398257761,0.97165991902834,0.970086284651443,63.8
2,head,0.001,0.48437686157972654,0.9653396712220241,0.47655673886117667,0.9696356275303644,0.9673034349653403,57.3
3,finetune,0.00019783661247264677,0.5113611212341496,0.9372152901564667,0.3956199524856289,0.9979757085020243,0.9978405686028661,94.3
4,finetune,0.0001810926824431198,0.4031871047839714,0.9902951079421668,0.3833465343303526,0.9979757085020243,0.9976979243275428,111.4
5,finetune,0.0001505,0.38367311294939666,0.9968310556545851,0.369739805759206,1.0,1.0,132.9
6,finetune,0.00011134831786349771,0.3769493486874645,0.9984155278272925,0.3655491408548857,1.0,1.0,124.7
7,finetune,7.040731755688021e-05,0.37346928283516123,0.9970291146761735,0.3649016443775733,1.0,1.0,115.7
8,finetune,3.475606997047307e-05,0.37022892703134536,0.9990097048920579,0.3615361529323254,1.0,1.0,149.3
9,finetune,1.0558999693382504e-05,0.36901112473655584,0.9988116458704694,0.3609258616984132,1.0,1.0,114.6
10,finetune,2.0000000000000003e-06,0.3698806799940837,0.9990097048920579,0.3606135150198994,1.0,1.0,108.9
